ticket-no,participant-id,participant-name,participant-phone,present,marked-for-present-at
1,1,John Doe,555-1234,False,
2,2,Jane Smith,555-5678,False,
3,3,Alice Johnson,555-8765,False,
4,4,Bob Brown,555-4321,False,
5,5,Emily Davis,555-6789,False,
6,6,Michael Clark,555-9876,False,
7,7,Sarah Miller,555-5432,False,
8,8,David Wilson,555-2109,False,
9,9,Laura Moore,555-6543,False,
10,10,James Taylor,555-0987,False,
11,11,Sophia Harris,555-3210,False,
12,12,Chris White,555-7890,False,
13,13,Olivia Martin,555-2345,False,
14,14,Daniel Thompson,555-6780,False,
15,15,Mia Martinez,555-8760,False,
16,16,Matthew Anderson,555-4320,False,
17,17,Ava Hernandez,555-9870,False,
18,18,Joshua King,555-6540,False,
19,19,Isabella Scott,555-3219,False,
20,20,Ethan Green,555-7891,False,
21,21,Aryan Marwaha,1234-8907,False,
22,1,John Doe,555-1234,False,
23,2,Jane Smith,555-5678,False,
24,3,Alice Johnson,555-8765,False,
25,4,Bob Brown,555-4321,False,
26,5,Emily Davis,555-6789,False,
27,6,Michael Clark,555-9876,False,
28,7,Sarah Miller,555-5432,False,
29,8,David Wilson,555-2109,False,
30,9,Laura Moore,555-6543,False,
31,10,James Taylor,555-0987,False,
32,11,Sophia Harris,555-3210,False,
33,12,Chris White,555-7890,False,
34,13,Olivia Martin,555-2345,False,
35,14,Daniel Thompson,555-6780,False,
36,15,Mia Martinez,555-8760,False,
37,16,Matthew Anderson,555-4320,False,
38,17,Ava Hernandez,555-9870,False,
39,18,Joshua King,555-6540,False,
40,19,Isabella Scott,555-3219,False,
41,20,Ethan Green,555-7891,False,
42,21,Aryan Marwaha,1234-8907,False,
